old_path	new_path	status	reason	text_references
deploy/active_arm	vskipper/configs/deploy/active_arm	required	Runtime implementation, integration resource or deployment configuration.	python/sglang/srt/model_executor/model_runner.py;python/sglang/srt/vpipe/common.py;python/sglang/srt/vpipe/design.py;python/sglang/srt/vpipe/seam.py;python/sglang/srt/vpipe/skipper.py;test/vp/gate_tests/test_paired_driver_invocation.py;test/vp/gate_tests/test_preflight_host_config.py;test/vp/gates/box_conc16_stress.sh;test/vp/gates/box_vpcov_arm.sh;test/vp/gates/campaign_preflight.py;test/vp/gates/verify_served_design.py;test/vp/run_paired_campaign.py
deploy/execution_differences.json	vskipper/configs/deploy/execution_differences.json	required	Runtime implementation, integration resource or deployment configuration.	docs/vskipper/02-run-experiments.md;test/vp/gates/verify_execution_differences.py
deploy/execution_differences.rtxa6000.json	vskipper/configs/deploy/execution_differences.rtxa6000.json	required	Runtime implementation, integration resource or deployment configuration.	
deploy/hosts/hpc-cluster.json	vskipper/configs/deploy/hosts/hpc-cluster.json	required	Runtime implementation, integration resource or deployment configuration.	test/vp/gate_tests/test_preflight_host_config.py;test/vp/gates/campaign_preflight.py
deploy/hosts/vast-a100.json	vskipper/configs/deploy/hosts/vast-a100.json	required	Runtime implementation, integration resource or deployment configuration.	test/vp/gate_tests/test_preflight_host_config.py;test/vp/gate_tests/test_quality_2x2_driver.py;test/vp/gates/box_conc16_stress.sh;test/vp/gates/box_vpcov_arm.sh;test/vp/gates/campaign_preflight.py;test/vp/run_paired_campaign.py
deploy/hosts/vast-h100.json	vskipper/configs/deploy/hosts/vast-h100.json	required	Runtime implementation, integration resource or deployment configuration.	
deploy/hosts/vast-l40s.json	vskipper/configs/deploy/hosts/vast-l40s.json	required	Runtime implementation, integration resource or deployment configuration.	
deploy/hosts/vast-rtx5880.json	vskipper/configs/deploy/hosts/vast-rtx5880.json	required	Runtime implementation, integration resource or deployment configuration.	
deploy/hosts/vast-rtxa6000.json	vskipper/configs/deploy/hosts/vast-rtxa6000.json	required	Runtime implementation, integration resource or deployment configuration.	
deploy/upstream_baseline.json	vskipper/configs/deploy/upstream_baseline.json	required	Runtime implementation, integration resource or deployment configuration.	python/sglang/srt/vpipe/design.py;test/vp/gates/campaign_preflight.py
docs/vskipper/01-environment.md	vskipper/docs/01-environment.md	documentation	Canonical project guide; old URL retained as a forwarding page.	docs/vskipper/README.md
docs/vskipper/02-run-experiments.md	vskipper/docs/02-run-experiments.md	documentation	Canonical project guide; old URL retained as a forwarding page.	docs/vskipper/01-environment.md;docs/vskipper/README.md
docs/vskipper/03-run-analysis.md	vskipper/docs/03-run-analysis.md	documentation	Canonical project guide; old URL retained as a forwarding page.	docs/vskipper/01-environment.md;docs/vskipper/02-run-experiments.md;docs/vskipper/README.md
docs/vskipper/README.md	vskipper/docs/README.md	documentation	Canonical project guide; old URL retained as a forwarding page.	docs/vskipper/removed.md;test/vp/gates/gates_box.sh;training/qwen3-flexidepth/bin/hf_push_ckpt.sh
docs/vskipper/decisions.md	vskipper/docs/decisions.md	documentation	Canonical project guide; old URL retained as a forwarding page.	docs/vskipper/README.md;scripts/check_anonymity.sh
docs/vskipper/gates.md	vskipper/docs/gates.md	documentation	Canonical project guide; old URL retained as a forwarding page.	docs/vskipper/02-run-experiments.md;docs/vskipper/README.md
docs/vskipper/removed.md	vskipper/docs/removed.md	documentation	Canonical project guide; old URL retained as a forwarding page.	docs/vskipper/README.md
python/sglang/benchmark/request_identity.py	vskipper/src/vskipper/experiments/request_identity.py	required	Stable request identity shared by benchmark transport and workload tools.	python/sglang/benchmark/serving.py;test/vp/build_fair_output_workload.py;test/vp/run_fair_evaluation_contract_direct.py;test/vp/test_benchmark_request_identity.py
python/sglang/srt/vpipe/__init__.py	vskipper/src/vskipper/runtime/__init__.py	required	Runtime implementation, integration resource or deployment configuration.	python/sglang/srt/vpipe/validation.py;test/vp/test_execution_mode_gate.py
python/sglang/srt/vpipe/attention.py	vskipper/src/vskipper/runtime/attention.py	required	Runtime implementation, integration resource or deployment configuration.	python/sglang/srt/layers/attention/flashinfer_backend.py;python/sglang/srt/layers/attention/triton_backend.py;python/sglang/srt/managers/scheduler.py;python/sglang/srt/model_executor/model_runner.py;python/sglang/srt/model_executor/runner/decode_cuda_graph_runner.py;python/sglang/srt/model_executor/runner/prefill_cuda_graph_runner.py;python/sglang/srt/models/llama.py;python/sglang/srt/models/qwen3.py;python/sglang/srt/vpipe/attestation.py;python/sglang/srt/vpipe/executor.py;python/sglang/srt/vpipe/seam.py
python/sglang/srt/vpipe/attestation.py	vskipper/src/vskipper/runtime/attestation.py	required	Runtime implementation, integration resource or deployment configuration.	python/sglang/srt/layers/attention/flashinfer_backend.py;python/sglang/srt/managers/schedule_batch.py;python/sglang/srt/managers/scheduler.py;python/sglang/srt/model_executor/model_runner.py;python/sglang/srt/model_executor/runner/prefill_cuda_graph_runner.py;python/sglang/srt/model_executor/runner_backend/utils.py;python/sglang/srt/vpipe/graph_backend.py;python/sglang/srt/vpipe/graphs.py;python/sglang/srt/vpipe/seam.py;python/sglang/srt/vpipe/validation.py;test/vp/gate_tests/test_quality_lane_token_identity.py;test/vp/test_coverage_dense.py;test/vp/validate_runtime_after.py
python/sglang/srt/vpipe/batch.py	vskipper/src/vskipper/runtime/batch.py	required	Runtime implementation, integration resource or deployment configuration.	python/sglang/srt/managers/schedule_batch.py;python/sglang/srt/vpipe/executor.py;python/sglang/srt/vpipe/graphs.py;python/sglang/srt/vpipe/seam.py
python/sglang/srt/vpipe/binary_cohort_configs/NVIDIA_A100.json	vskipper/src/vskipper/kernels/binary_cohort_configs/NVIDIA_A100.json	required	Runtime implementation, integration resource or deployment configuration.	
python/sglang/srt/vpipe/binary_cohort_configs/NVIDIA_H100_HBM3.json	vskipper/src/vskipper/kernels/binary_cohort_configs/NVIDIA_H100_HBM3.json	required	Runtime implementation, integration resource or deployment configuration.	deploy/hosts/vast-h100.json
python/sglang/srt/vpipe/binary_cohort_configs/NVIDIA_L40S.json	vskipper/src/vskipper/kernels/binary_cohort_configs/NVIDIA_L40S.json	required	Runtime implementation, integration resource or deployment configuration.	deploy/hosts/vast-l40s.json
python/sglang/srt/vpipe/binary_cohort_configs/NVIDIA_RTX_5880_Ada_Generation.json	vskipper/src/vskipper/kernels/binary_cohort_configs/NVIDIA_RTX_5880_Ada_Generation.json	required	Runtime implementation, integration resource or deployment configuration.	deploy/hosts/vast-rtx5880.json
python/sglang/srt/vpipe/binary_cohort_configs/NVIDIA_RTX_A6000.json	vskipper/src/vskipper/kernels/binary_cohort_configs/NVIDIA_RTX_A6000.json	required	Runtime implementation, integration resource or deployment configuration.	deploy/hosts/vast-rtxa6000.json;test/vp/tune_count_gemm_tiles.py
python/sglang/srt/vpipe/binary_cohort_configs/Quadro_RTX_8000.json	vskipper/src/vskipper/kernels/binary_cohort_configs/Quadro_RTX_8000.json	required	Runtime implementation, integration resource or deployment configuration.	
python/sglang/srt/vpipe/cohort.py	vskipper/src/vskipper/runtime/cohort.py	required	Runtime implementation, integration resource or deployment configuration.	python/sglang/srt/vpipe/batch.py;python/sglang/srt/vpipe/common.py;python/sglang/srt/vpipe/executor.py;python/sglang/srt/vpipe/graphs.py;python/sglang/srt/vpipe/mlp_compact.py;test/vp/bench_fd_conditional_oracle.py;test/vp/binary_cohort_reference.py;test/vp/test_shared_module_state.py
python/sglang/srt/vpipe/common.py	vskipper/src/vskipper/runtime/common.py	required	Runtime implementation, integration resource or deployment configuration.	deploy/execution_differences.json;deploy/execution_differences.rtxa6000.json;python/sglang/benchmark/datasets/autobench.py;python/sglang/srt/managers/schedule_batch.py;python/sglang/srt/managers/scheduler.py;python/sglang/srt/mem_cache/common.py;python/sglang/srt/model_executor/forward_batch_info.py;python/sglang/srt/model_executor/model_runner.py;python/sglang/srt/model_executor/runner/base_cuda_graph_runner.py;python/sglang/srt/model_executor/runner/decode_cuda_graph_runner.py;python/sglang/srt/model_executor/runner/prefill_cuda_graph_runner.py;python/sglang/srt/sampling/sampling_batch_info.py;python/sglang/srt/vpipe/attestation.py;python/sglang/srt/vpipe/batch.py;python/sglang/srt/vpipe/cohort.py;python/sglang/srt/vpipe/config.py;python/sglang/srt/vpipe/executor.py;python/sglang/srt/vpipe/graphs.py;python/sglang/srt/vpipe/mlp.py;python/sglang/srt/vpipe/mlp_compact.py;python/sglang/srt/vpipe/regime.py;python/sglang/srt/vpipe/routing.py;python/sglang/srt/vpipe/seam.py;python/sglang/srt/vpipe/skipper.py;python/sglang/srt/vpipe/validation.py;test/vp/gate_tests/test_arm_fields.py;test/vp/gate_tests/test_skipper_projector_split.py;test/vp/gates/test_verify_served_design.py;test/vp/gates/verify_served_design.py;test/vp/test_coverage_dense.py;test/vp/test_decode_coverage.py;test/vp/test_prefill_cublas_branch.py;test/vp/test_prefill_fallback.py;test/vp/vast_a100_ladder.sh
python/sglang/srt/vpipe/config.py	vskipper/src/vskipper/runtime/config.py	required	Runtime implementation, integration resource or deployment configuration.	python/sglang/srt/layers/attention/flashinfer_backend.py;python/sglang/srt/managers/schedule_batch.py;python/sglang/srt/managers/scheduler.py;python/sglang/srt/model_executor/cuda_graph_buffer_registry.py;python/sglang/srt/model_executor/forward_batch_info.py;python/sglang/srt/model_executor/model_runner.py;python/sglang/srt/model_executor/runner/base_runner.py;python/sglang/srt/model_executor/runner/decode_cuda_graph_runner.py;python/sglang/srt/model_executor/runner/prefill_cuda_graph_runner.py;python/sglang/srt/model_executor/runner_utils/buffers.py;python/sglang/srt/speculative/eagle_draft_cuda_graph_runner.py;python/sglang/srt/vpipe/attestation.py;python/sglang/srt/vpipe/batch.py;python/sglang/srt/vpipe/executor.py;python/sglang/srt/vpipe/graph_backend.py;python/sglang/srt/vpipe/graphs.py;python/sglang/srt/vpipe/mlp.py;python/sglang/srt/vpipe/mlp_compact.py;python/sglang/srt/vpipe/seam.py;python/sglang/srt/vpipe/validation.py;test/vp/gate_tests/test_arm_fields.py;test/vp/gate_tests/test_cross_arm_allowlist.py;test/vp/gate_tests/test_cross_arm_config.py;test/vp/gates/verify_cross_arm_config.py;test/vp/run_paired_campaign.py
python/sglang/srt/vpipe/coverage.py	vskipper/src/vskipper/runtime/coverage.py	required	Runtime implementation, integration resource or deployment configuration.	python/sglang/srt/model_executor/model_runner.py;python/sglang/srt/model_executor/runner/decode_cuda_graph_runner.py;python/sglang/srt/vpipe/attestation.py;python/sglang/srt/vpipe/eager.py;python/sglang/srt/vpipe/executor.py;python/sglang/srt/vpipe/seam.py;test/vp/graph_coverage.py;test/vp/test_coverage_dense.py
python/sglang/srt/vpipe/csrc/cuda_conditional_graph.cu	vskipper/src/vskipper/kernels/csrc/cuda_conditional_graph.cu	required	Runtime implementation, integration resource or deployment configuration.	test/vp/build_cuda_conditional_graph_helper.sh
python/sglang/srt/vpipe/design.py	vskipper/src/vskipper/runtime/design.py	required	Runtime implementation, integration resource or deployment configuration.	docs/vskipper/01-environment.md;docs/vskipper/02-run-experiments.md;docs/vskipper/README.md;docs/vskipper/gates.md;python/sglang/srt/model_executor/model_runner.py;python/sglang/srt/model_executor/runner/prefill_cuda_graph_runner.py;python/sglang/srt/vpipe/attestation.py;python/sglang/srt/vpipe/common.py;python/sglang/srt/vpipe/config.py;python/sglang/srt/vpipe/coverage.py;python/sglang/srt/vpipe/graph_backend.py;python/sglang/srt/vpipe/roofline.py;python/sglang/srt/vpipe/seam.py;python/sglang/srt/vpipe/skipper.py;python/sglang/srt/vpipe/validation.py;scripts/equivalence/README.md;test/vp/example_skipper_plugin.py;test/vp/gate_tests/test_arm_fields.py;test/vp/gate_tests/test_canonical_device_key.py;test/vp/gate_tests/test_paired_driver_invocation.py;test/vp/gate_tests/test_randomskip_sweep_arms.py;test/vp/gate_tests/test_skipper_projector_split.py;test/vp/gates/box_vpcov_arm.sh;test/vp/gates/campaign_preflight.py;test/vp/gates/cell_gates.py;test/vp/gates/test_verify_served_design.py;test/vp/gates/verify_default_conformance.py;test/vp/gates/verify_served_design.py;test/vp/hardware_bands_table.py;test/vp/make_expected_runtime.py;test/vp/run_paired_campaign.py;test/vp/test_binary_cohort_shapes.py;test/vp/test_coverage_dense.py;test/vp/vstar_dump.py
python/sglang/srt/vpipe/device_roofline.json	vskipper/src/vskipper/runtime/device_roofline.json	required	Runtime implementation, integration resource or deployment configuration.	deploy/hosts/vast-l40s.json;deploy/hosts/vast-rtx5880.json;deploy/hosts/vast-rtxa6000.json;python/sglang/srt/vpipe/design.py;python/sglang/srt/vpipe/roofline.py;test/vp/gate_tests/test_canonical_device_key.py;test/vp/gate_tests/test_roofline_band.py;test/vp/hardware_bands_table.py
python/sglang/srt/vpipe/eager.py	vskipper/src/vskipper/runtime/eager.py	required	Runtime implementation, integration resource or deployment configuration.	python/sglang/srt/model_executor/model_runner.py;python/sglang/srt/vpipe/seam.py
python/sglang/srt/vpipe/env.py	vskipper/src/vskipper/runtime/env.py	required	Runtime implementation, integration resource or deployment configuration.	python/sglang/srt/model_executor/model_runner.py;python/sglang/srt/model_executor/runner/base_cuda_graph_runner.py;python/sglang/srt/model_executor/runner/decode_cuda_graph_runner.py;python/sglang/srt/model_executor/runner/prefill_cuda_graph_runner.py;python/sglang/srt/models/qwen3.py;python/sglang/srt/vpipe/attestation.py;python/sglang/srt/vpipe/batch.py;python/sglang/srt/vpipe/common.py;python/sglang/srt/vpipe/config.py;python/sglang/srt/vpipe/executor.py;python/sglang/srt/vpipe/graph_backend.py;python/sglang/srt/vpipe/mlp.py;python/sglang/srt/vpipe/mlp_compact.py;python/sglang/srt/vpipe/routing.py;python/sglang/srt/vpipe/seam.py;python/sglang/srt/vpipe/skipper.py;python/sglang/srt/vpipe/types.py;python/sglang/srt/vpipe/validation.py
python/sglang/srt/vpipe/executor.py	vskipper/src/vskipper/runtime/executor.py	required	Runtime implementation, integration resource or deployment configuration.	python/sglang/srt/model_executor/model_runner.py;python/sglang/srt/vpipe/graphs.py;python/sglang/srt/vpipe/routing.py;python/sglang/srt/vpipe/seam.py;python/sglang/srt/vpipe/validation.py
python/sglang/srt/vpipe/graph_backend.py	vskipper/src/vskipper/integration/sglang/graph_backend.py	required	Runtime implementation, integration resource or deployment configuration.	python/sglang/srt/model_executor/runner/decode_cuda_graph_runner.py;python/sglang/srt/model_executor/runner_backend/utils.py
python/sglang/srt/vpipe/graphs.py	vskipper/src/vskipper/integration/sglang/graphs.py	required	Runtime implementation, integration resource or deployment configuration.	python/sglang/srt/vpipe/design.py;python/sglang/srt/vpipe/graph_backend.py
python/sglang/srt/vpipe/kernel.py	vskipper/src/vskipper/kernels/kernel.py	required	Runtime implementation, integration resource or deployment configuration.	python/sglang/srt/model_executor/model_runner.py;python/sglang/srt/vpipe/attestation.py;python/sglang/srt/vpipe/common.py;python/sglang/srt/vpipe/executor.py;python/sglang/srt/vpipe/mlp.py;python/sglang/srt/vpipe/mlp_compact.py;python/sglang/srt/vpipe/roofline.py;test/vp/gate_tests/test_canonical_device_key.py;test/vp/gates/verify_execution_differences.py;test/vp/test_binary_cohort_configs.py;test/vp/test_binary_cohort_layer_compose.py;test/vp/test_binary_cohort_matmul.py;test/vp/test_body_hardening.py;test/vp/test_count_gemm_fused_io.py;test/vp/test_count_gemm_guard.py;test/vp/test_count_silu_mul_tiled.py;test/vp/tune_count_gemm_tiles.py
python/sglang/srt/vpipe/kv_commit.py	vskipper/src/vskipper/runtime/kv_commit.py	required	Runtime implementation, integration resource or deployment configuration.	python/sglang/srt/vpipe/cohort.py;python/sglang/srt/vpipe/common.py;python/sglang/srt/vpipe/routing.py
python/sglang/srt/vpipe/mlp.py	vskipper/src/vskipper/kernels/mlp.py	required	Runtime implementation, integration resource or deployment configuration.	python/sglang/srt/vpipe/batch.py;python/sglang/srt/vpipe/executor.py;test/vp/bench_fd_conditional_oracle.py;test/vp/bench_fd_layer_policy_oracle.py;test/vp/test_binary_cohort_capture.py;test/vp/test_binary_cohort_executor.py;test/vp/test_binary_cohort_shapes.py;test/vp/test_body_hardening.py;test/vp/test_coverage_dense.py;test/vp/test_prefill_cublas_branch.py;test/vp/test_prefill_fallback.py
python/sglang/srt/vpipe/mlp_compact.py	vskipper/src/vskipper/kernels/mlp_compact.py	required	Runtime implementation, integration resource or deployment configuration.	python/sglang/srt/vpipe/attestation.py;python/sglang/srt/vpipe/graphs.py;python/sglang/srt/vpipe/mlp.py;python/sglang/srt/vpipe/validation.py;test/vp/bench_cohort_gemm_paths.py;test/vp/bench_fd_conditional_oracle.py;test/vp/bench_fd_layer_policy_oracle.py;test/vp/tune_fd_full_graph_moe.py
python/sglang/srt/vpipe/regime.py	vskipper/src/vskipper/runtime/regime.py	required	Runtime implementation, integration resource or deployment configuration.	python/sglang/srt/model_executor/runner/decode_cuda_graph_runner.py;python/sglang/srt/model_executor/runner/prefill_cuda_graph_runner.py;python/sglang/srt/vpipe/attestation.py;python/sglang/srt/vpipe/graph_backend.py;python/sglang/srt/vpipe/seam.py;test/vp/test_coverage_dense.py;test/vp/test_prefill_engagement_lazy_fold.py
python/sglang/srt/vpipe/roofline.py	vskipper/src/vskipper/runtime/roofline.py	required	Runtime implementation, integration resource or deployment configuration.	python/sglang/srt/model_executor/model_runner.py;python/sglang/srt/vpipe/common.py;python/sglang/srt/vpipe/design.py;test/vp/gate_tests/test_arm_fields.py;test/vp/gate_tests/test_canonical_device_key.py;test/vp/gate_tests/test_roofline_band.py;test/vp/gates/verify_execution_differences.py;test/vp/hardware_bands_table.py
python/sglang/srt/vpipe/routing.py	vskipper/src/vskipper/runtime/routing.py	required	Runtime implementation, integration resource or deployment configuration.	python/sglang/srt/models/llama.py;python/sglang/srt/vpipe/common.py;python/sglang/srt/vpipe/executor.py;python/sglang/srt/vpipe/graphs.py;python/sglang/srt/vpipe/mlp.py;python/sglang/srt/vpipe/mlp_compact.py;python/sglang/srt/vpipe/seam.py;test/vp/bench_fd_conditional_oracle.py;test/vp/make_mock_fd_weights.py;test/vp/test_count_gemm_fused_io.py;test/vp/test_fd_rmsnorm_fused.py;test/vp/test_prefill_cublas_branch.py;test/vp/test_prefill_fallback.py;test/vp/test_route_decide_fused.py;test/vp/test_route_maps_masked.py
python/sglang/srt/vpipe/seam.py	vskipper/src/vskipper/integration/sglang/seam.py	required	Runtime implementation, integration resource or deployment configuration.	python/sglang/srt/model_executor/runner/prefill_cuda_graph_runner.py;python/sglang/srt/models/llama.py;python/sglang/srt/models/qwen3.py;python/sglang/srt/vpipe/routing.py;test/vp/gate_tests/test_skipper_projector_split.py
python/sglang/srt/vpipe/skipper.py	vskipper/src/vskipper/runtime/skipper.py	required	Runtime implementation, integration resource or deployment configuration.	python/sglang/srt/vpipe/attestation.py;python/sglang/srt/vpipe/batch.py;python/sglang/srt/vpipe/common.py;python/sglang/srt/vpipe/config.py;python/sglang/srt/vpipe/design.py;python/sglang/srt/vpipe/seam.py;python/sglang/srt/vpipe/types.py;python/sglang/srt/vpipe/validation.py;test/vp/example_skipper_plugin.py;test/vp/gate_tests/test_arm_fields.py;test/vp/gate_tests/test_skipper_projector_split.py
python/sglang/srt/vpipe/types.py	vskipper/src/vskipper/runtime/types.py	required	Runtime implementation, integration resource or deployment configuration.	python/sglang/srt/model_executor/forward_batch_info.py;python/sglang/srt/model_executor/runner/base_runner.py;python/sglang/srt/model_executor/runner/decode_cuda_graph_runner.py;python/sglang/srt/vpipe/common.py;python/sglang/srt/vpipe/routing.py;python/sglang/srt/vpipe/skipper.py;python/sglang/srt/vpipe/validation.py;test/vp/bench_fd_conditional_oracle.py;test/vp/example_skipper_plugin.py;test/vp/gate_tests/test_canonical_device_key.py;test/vp/gate_tests/test_skipper_projector_split.py;test/vp/test_binary_cohort_capture.py;test/vp/test_binary_cohort_executor.py;test/vp/test_binary_cohort_shapes.py;test/vp/test_body_hardening.py;test/vp/test_coverage_dense.py
python/sglang/srt/vpipe/validation.py	vskipper/src/vskipper/runtime/validation.py	required	Runtime implementation, integration resource or deployment configuration.	python/sglang/srt/model_executor/model_runner.py;python/sglang/srt/vpipe/batch.py;python/sglang/srt/vpipe/design.py;python/sglang/srt/vpipe/eager.py;python/sglang/srt/vpipe/seam.py;test/vp/gate_tests/test_skipper_projector_split.py;test/vp/test_commit_overlap_gate.py;test/vp/test_coverage_dense.py;test/vp/test_execution_mode_gate.py
scripts/check_anonymity.sh	vskipper/scripts/check_anonymity.sh	unresolved-retained	No explicit source/document caller found; standalone entrypoint retained pending semantic audit.	
scripts/equivalence/README.md	vskipper/scripts/equivalence/README.md	retained	Referenced by retained source or documentation; caller review required before retirement.	docs/vskipper/removed.md;test/vp/gates/gates_box.sh;training/qwen3-flexidepth/bin/hf_push_ckpt.sh
scripts/equivalence/ab_compare.py	vskipper/scripts/equivalence/ab_compare.py	retained	Referenced by retained source or documentation; caller review required before retirement.	docs/vskipper/removed.md;scripts/equivalence/README.md;test/vp/gates/README.md;test/vp/refactor_ab/README.md;test/vp/refactor_ab/hpc_ab_run.sh;test/vp/refactor_ab/hpc_preflight.sh
scripts/reproduce_analysis.sh	vskipper/scripts/reproduce_analysis.sh	retained	Referenced by retained source or documentation; caller review required before retirement.	docs/vskipper/02-run-experiments.md;docs/vskipper/03-run-analysis.md;scripts/equivalence/README.md
test/vp/ablation_table.py	vskipper/src/vskipper/analysis/ablation_table.py	required	Frozen reviewer reproduction recipe dependency.	docs/vskipper/03-run-analysis.md;scripts/reproduce_analysis.sh
test/vp/abs_macros.py	vskipper/src/vskipper/analysis/abs_macros.py	required	Frozen reviewer reproduction recipe dependency.	docs/vskipper/03-run-analysis.md;scripts/reproduce_analysis.sh
test/vp/absolutes_table.py	vskipper/src/vskipper/analysis/absolutes_table.py	required	Frozen reviewer reproduction recipe dependency.	docs/vskipper/03-run-analysis.md;scripts/reproduce_analysis.sh
test/vp/analyze_qps_evaluation.py	vskipper/src/vskipper/experiments/analyze_qps_evaluation.py	retained	Referenced by retained source or documentation; caller review required before retirement.	test/vp/gates/cell_gates.py
test/vp/analyze_termination.py	vskipper/src/vskipper/experiments/analyze_termination.py	retained	Referenced by retained source or documentation; caller review required before retirement.	docs/vskipper/removed.md;test/vp/run_fair_evaluation_contract_direct.py
test/vp/attested_skip.py	vskipper/src/vskipper/experiments/attested_skip.py	unresolved-retained	No explicit source/document caller found; standalone entrypoint retained pending semantic audit.	
test/vp/attribution_table.py	vskipper/src/vskipper/experiments/attribution_table.py	unresolved-retained	No explicit source/document caller found; standalone entrypoint retained pending semantic audit.	
test/vp/bank_from_harvest.py	vskipper/src/vskipper/experiments/bank_from_harvest.py	retained	Referenced by retained source or documentation; caller review required before retirement.	test/vp/run_natural_harvest.py
test/vp/bbh_cot_fewshot/_bbh.yaml	vskipper/src/vskipper/experiments/bbh_cot_fewshot/_bbh.yaml	unresolved-retained	No explicit source/document caller found; standalone entrypoint retained pending semantic audit.	
test/vp/bbh_cot_fewshot/_bbh_cot_fewshot.yaml	vskipper/src/vskipper/experiments/bbh_cot_fewshot/_bbh_cot_fewshot.yaml	unresolved-retained	No explicit source/document caller found; standalone entrypoint retained pending semantic audit.	
test/vp/bbh_cot_fewshot/_cot_fewshot_template_yaml	vskipper/src/vskipper/experiments/bbh_cot_fewshot/_cot_fewshot_template_yaml	retained	Referenced by retained source or documentation; caller review required before retirement.	test/vp/bbh_cot_fewshot/boolean_expressions.yaml;test/vp/bbh_cot_fewshot/causal_judgement.yaml;test/vp/bbh_cot_fewshot/date_understanding.yaml;test/vp/bbh_cot_fewshot/disambiguation_qa.yaml;test/vp/bbh_cot_fewshot/dyck_languages.yaml;test/vp/bbh_cot_fewshot/formal_fallacies.yaml;test/vp/bbh_cot_fewshot/geometric_shapes.yaml;test/vp/bbh_cot_fewshot/hyperbaton.yaml;test/vp/bbh_cot_fewshot/logical_deduction_five_objects.yaml;test/vp/bbh_cot_fewshot/logical_deduction_seven_objects.yaml;test/vp/bbh_cot_fewshot/logical_deduction_three_objects.yaml;test/vp/bbh_cot_fewshot/movie_recommendation.yaml;test/vp/bbh_cot_fewshot/multistep_arithmetic_two.yaml;test/vp/bbh_cot_fewshot/navigate.yaml;test/vp/bbh_cot_fewshot/object_counting.yaml;test/vp/bbh_cot_fewshot/penguins_in_a_table.yaml;test/vp/bbh_cot_fewshot/reasoning_about_colored_objects.yaml;test/vp/bbh_cot_fewshot/ruin_names.yaml;test/vp/bbh_cot_fewshot/salient_translation_error_detection.yaml;test/vp/bbh_cot_fewshot/snarks.yaml;test/vp/bbh_cot_fewshot/sports_understanding.yaml;test/vp/bbh_cot_fewshot/temporal_sequences.yaml;test/vp/bbh_cot_fewshot/tracking_shuffled_objects_five_objects.yaml;test/vp/bbh_cot_fewshot/tracking_shuffled_objects_seven_objects.yaml;test/vp/bbh_cot_fewshot/tracking_shuffled_objects_three_objects.yaml;test/vp/bbh_cot_fewshot/web_of_lies.yaml;test/vp/bbh_cot_fewshot/word_sorting.yaml
test/vp/bbh_cot_fewshot/boolean_expressions.yaml	vskipper/src/vskipper/experiments/bbh_cot_fewshot/boolean_expressions.yaml	unresolved-retained	No explicit source/document caller found; standalone entrypoint retained pending semantic audit.	
test/vp/bbh_cot_fewshot/causal_judgement.yaml	vskipper/src/vskipper/experiments/bbh_cot_fewshot/causal_judgement.yaml	unresolved-retained	No explicit source/document caller found; standalone entrypoint retained pending semantic audit.	
test/vp/bbh_cot_fewshot/date_understanding.yaml	vskipper/src/vskipper/experiments/bbh_cot_fewshot/date_understanding.yaml	unresolved-retained	No explicit source/document caller found; standalone entrypoint retained pending semantic audit.	
test/vp/bbh_cot_fewshot/disambiguation_qa.yaml	vskipper/src/vskipper/experiments/bbh_cot_fewshot/disambiguation_qa.yaml	unresolved-retained	No explicit source/document caller found; standalone entrypoint retained pending semantic audit.	
test/vp/bbh_cot_fewshot/dyck_languages.yaml	vskipper/src/vskipper/experiments/bbh_cot_fewshot/dyck_languages.yaml	unresolved-retained	No explicit source/document caller found; standalone entrypoint retained pending semantic audit.	
test/vp/bbh_cot_fewshot/formal_fallacies.yaml	vskipper/src/vskipper/experiments/bbh_cot_fewshot/formal_fallacies.yaml	unresolved-retained	No explicit source/document caller found; standalone entrypoint retained pending semantic audit.	
test/vp/bbh_cot_fewshot/geometric_shapes.yaml	vskipper/src/vskipper/experiments/bbh_cot_fewshot/geometric_shapes.yaml	unresolved-retained	No explicit source/document caller found; standalone entrypoint retained pending semantic audit.	
test/vp/bbh_cot_fewshot/hyperbaton.yaml	vskipper/src/vskipper/experiments/bbh_cot_fewshot/hyperbaton.yaml	unresolved-retained	No explicit source/document caller found; standalone entrypoint retained pending semantic audit.	
test/vp/bbh_cot_fewshot/logical_deduction_five_objects.yaml	vskipper/src/vskipper/experiments/bbh_cot_fewshot/logical_deduction_five_objects.yaml	unresolved-retained	No explicit source/document caller found; standalone entrypoint retained pending semantic audit.	
test/vp/bbh_cot_fewshot/logical_deduction_seven_objects.yaml	vskipper/src/vskipper/experiments/bbh_cot_fewshot/logical_deduction_seven_objects.yaml	unresolved-retained	No explicit source/document caller found; standalone entrypoint retained pending semantic audit.	
test/vp/bbh_cot_fewshot/logical_deduction_three_objects.yaml	vskipper/src/vskipper/experiments/bbh_cot_fewshot/logical_deduction_three_objects.yaml	unresolved-retained	No explicit source/document caller found; standalone entrypoint retained pending semantic audit.	
test/vp/bbh_cot_fewshot/movie_recommendation.yaml	vskipper/src/vskipper/experiments/bbh_cot_fewshot/movie_recommendation.yaml	unresolved-retained	No explicit source/document caller found; standalone entrypoint retained pending semantic audit.	
test/vp/bbh_cot_fewshot/multistep_arithmetic_two.yaml	vskipper/src/vskipper/experiments/bbh_cot_fewshot/multistep_arithmetic_two.yaml	unresolved-retained	No explicit source/document caller found; standalone entrypoint retained pending semantic audit.	
test/vp/bbh_cot_fewshot/navigate.yaml	vskipper/src/vskipper/experiments/bbh_cot_fewshot/navigate.yaml	unresolved-retained	No explicit source/document caller found; standalone entrypoint retained pending semantic audit.	
test/vp/bbh_cot_fewshot/object_counting.yaml	vskipper/src/vskipper/experiments/bbh_cot_fewshot/object_counting.yaml	unresolved-retained	No explicit source/document caller found; standalone entrypoint retained pending semantic audit.	
test/vp/bbh_cot_fewshot/penguins_in_a_table.yaml	vskipper/src/vskipper/experiments/bbh_cot_fewshot/penguins_in_a_table.yaml	unresolved-retained	No explicit source/document caller found; standalone entrypoint retained pending semantic audit.	
test/vp/bbh_cot_fewshot/reasoning_about_colored_objects.yaml	vskipper/src/vskipper/experiments/bbh_cot_fewshot/reasoning_about_colored_objects.yaml	unresolved-retained	No explicit source/document caller found; standalone entrypoint retained pending semantic audit.	
test/vp/bbh_cot_fewshot/ruin_names.yaml	vskipper/src/vskipper/experiments/bbh_cot_fewshot/ruin_names.yaml	unresolved-retained	No explicit source/document caller found; standalone entrypoint retained pending semantic audit.	
test/vp/bbh_cot_fewshot/salient_translation_error_detection.yaml	vskipper/src/vskipper/experiments/bbh_cot_fewshot/salient_translation_error_detection.yaml	unresolved-retained	No explicit source/document caller found; standalone entrypoint retained pending semantic audit.	
test/vp/bbh_cot_fewshot/snarks.yaml	vskipper/src/vskipper/experiments/bbh_cot_fewshot/snarks.yaml	unresolved-retained	No explicit source/document caller found; standalone entrypoint retained pending semantic audit.	
test/vp/bbh_cot_fewshot/sports_understanding.yaml	vskipper/src/vskipper/experiments/bbh_cot_fewshot/sports_understanding.yaml	unresolved-retained	No explicit source/document caller found; standalone entrypoint retained pending semantic audit.	
test/vp/bbh_cot_fewshot/temporal_sequences.yaml	vskipper/src/vskipper/experiments/bbh_cot_fewshot/temporal_sequences.yaml	unresolved-retained	No explicit source/document caller found; standalone entrypoint retained pending semantic audit.	
test/vp/bbh_cot_fewshot/tracking_shuffled_objects_five_objects.yaml	vskipper/src/vskipper/experiments/bbh_cot_fewshot/tracking_shuffled_objects_five_objects.yaml	unresolved-retained	No explicit source/document caller found; standalone entrypoint retained pending semantic audit.	
test/vp/bbh_cot_fewshot/tracking_shuffled_objects_seven_objects.yaml	vskipper/src/vskipper/experiments/bbh_cot_fewshot/tracking_shuffled_objects_seven_objects.yaml	unresolved-retained	No explicit source/document caller found; standalone entrypoint retained pending semantic audit.	
test/vp/bbh_cot_fewshot/tracking_shuffled_objects_three_objects.yaml	vskipper/src/vskipper/experiments/bbh_cot_fewshot/tracking_shuffled_objects_three_objects.yaml	unresolved-retained	No explicit source/document caller found; standalone entrypoint retained pending semantic audit.	
test/vp/bbh_cot_fewshot/web_of_lies.yaml	vskipper/src/vskipper/experiments/bbh_cot_fewshot/web_of_lies.yaml	unresolved-retained	No explicit source/document caller found; standalone entrypoint retained pending semantic audit.	
test/vp/bbh_cot_fewshot/word_sorting.yaml	vskipper/src/vskipper/experiments/bbh_cot_fewshot/word_sorting.yaml	unresolved-retained	No explicit source/document caller found; standalone entrypoint retained pending semantic audit.	
test/vp/bench_cohort_gemm_paths.py	vskipper/src/vskipper/experiments/bench_cohort_gemm_paths.py	retained	Referenced by retained source or documentation; caller review required before retirement.	docs/vskipper/removed.md
test/vp/bench_fd_conditional_oracle.py	vskipper/src/vskipper/experiments/bench_fd_conditional_oracle.py	retained	Referenced by retained source or documentation; caller review required before retirement.	docs/vskipper/removed.md;test/vp/bench_fd_layer_policy_oracle.py
test/vp/bench_fd_layer_policy_oracle.py	vskipper/src/vskipper/experiments/bench_fd_layer_policy_oracle.py	retained	Referenced by retained source or documentation; caller review required before retirement.	docs/vskipper/removed.md
test/vp/binary_cohort_reference.py	vskipper/tests/binary_cohort_reference.py	validation	Retained behavior or reproduction regression check and its numerical reference.	docs/vskipper/removed.md;test/vp/test_binary_cohort_capture.py;test/vp/test_binary_cohort_executor.py;test/vp/test_binary_cohort_layer_compose.py
test/vp/build_cuda_conditional_graph_helper.sh	vskipper/src/vskipper/experiments/build_cuda_conditional_graph_helper.sh	retained	Referenced by retained source or documentation; caller review required before retirement.	docs/vskipper/01-environment.md;test/vp/gates/gates_box.sh
test/vp/build_fair_output_workload.py	vskipper/src/vskipper/experiments/build_fair_output_workload.py	retained	Referenced by retained source or documentation; caller review required before retirement.	docs/vskipper/removed.md;test/vp/run_fair_evaluation_contract_direct.py
test/vp/build_labeled_workload.py	vskipper/src/vskipper/experiments/build_labeled_workload.py	retained	Referenced by retained source or documentation; caller review required before retirement.	test/vp/build_fair_output_workload.py;test/vp/build_official_workloads.sh;test/vp/build_production_watchdog_workload.py;test/vp/freeze_workload_suite.py;test/vp/run_qps_evaluation.py
test/vp/build_official_workloads.sh	vskipper/src/vskipper/experiments/build_official_workloads.sh	unresolved-retained	No explicit source/document caller found; standalone entrypoint retained pending semantic audit.	
test/vp/build_production_watchdog_workload.py	vskipper/src/vskipper/experiments/build_production_watchdog_workload.py	retained	Referenced by retained source or documentation; caller review required before retirement.	docs/vskipper/removed.md
test/vp/cache_share.py	vskipper/src/vskipper/experiments/cache_share.py	unresolved-retained	No explicit source/document caller found; standalone entrypoint retained pending semantic audit.	
test/vp/calib_layer_engagement.py	vskipper/src/vskipper/experiments/calib_layer_engagement.py	retained	Referenced by retained source or documentation; caller review required before retirement.	docs/vskipper/removed.md
test/vp/check_length_calibration.py	vskipper/src/vskipper/experiments/check_length_calibration.py	retained	Referenced by retained source or documentation; caller review required before retirement.	docs/vskipper/removed.md;test/vp/hpc_debug_cell.sh
test/vp/check_paper_numbers.py	vskipper/src/vskipper/experiments/check_paper_numbers.py	unresolved-retained	No explicit source/document caller found; standalone entrypoint retained pending semantic audit.	
test/vp/client_equivalence.py	vskipper/src/vskipper/experiments/client_equivalence.py	retained	Referenced by retained source or documentation; caller review required before retirement.	scripts/equivalence/README.md;test/vp/run_natural_harvest.py
test/vp/compare_fd_parity_traces.py	vskipper/src/vskipper/experiments/compare_fd_parity_traces.py	retained	Referenced by retained source or documentation; caller review required before retirement.	docs/vskipper/removed.md;python/sglang/srt/vpipe/routing.py
test/vp/compare_qps_responses.py	vskipper/src/vskipper/experiments/compare_qps_responses.py	unresolved-retained	No explicit source/document caller found; standalone entrypoint retained pending semantic audit.	
test/vp/cross_arm_work_gate.py	vskipper/src/vskipper/experiments/cross_arm_work_gate.py	retained	Referenced by retained source or documentation; caller review required before retirement.	test/vp/gate_tests/test_gate_a_work.py;test/vp/gate_tests/test_paired_campaign_workgate.py;test/vp/gates/cell_gates.py;test/vp/refactor_ab/README.md;test/vp/run_paired_campaign.py
test/vp/hpc_debug_cell.sh	-	retired	Retired host-specific debug launcher; references missing v1_cell_counts and rejected min-prompts runner flags.	docs/vskipper/removed.md
test/vp/engagement_analysis.py	vskipper/src/vskipper/experiments/engagement_analysis.py	retained	Referenced by retained source or documentation; caller review required before retirement.	test/vp/gate_tests/test_engagement_analysis.py
test/vp/engagement_table.py	vskipper/src/vskipper/experiments/engagement_table.py	unresolved-retained	No explicit source/document caller found; standalone entrypoint retained pending semantic audit.	
test/vp/eos_margin_probe.py	vskipper/src/vskipper/experiments/eos_margin_probe.py	retained	Referenced by retained source or documentation; caller review required before retirement.	docs/vskipper/removed.md
test/vp/example_skipper_plugin.py	vskipper/src/vskipper/experiments/example_skipper_plugin.py	retained	Referenced by retained source or documentation; caller review required before retirement.	test/vp/gate_tests/test_skipper_projector_split.py
test/vp/export_longbench_autobench.py	vskipper/src/vskipper/experiments/export_longbench_autobench.py	retained	Referenced by retained source or documentation; caller review required before retirement.	test/vp/labeled_workload.py
test/vp/f1_macros.py	vskipper/src/vskipper/analysis/f1_macros.py	required	Frozen reviewer reproduction recipe dependency.	
test/vp/fdpre_label_probe.py	vskipper/src/vskipper/experiments/fdpre_label_probe.py	retained	Referenced by retained source or documentation; caller review required before retirement.	test/vp/gates/box_conc16_stress.sh;test/vp/gates/box_vpcov_arm.sh;test/vp/refactor_ab/hpc_ab_arm.sh;test/vp/refactor_ab/perf_client.py
test/vp/flexidepth_oracle_runner.py	vskipper/src/vskipper/experiments/flexidepth_oracle_runner.py	retained	Referenced by retained source or documentation; caller review required before retirement.	docs/vskipper/removed.md;test/vp/test_flexidepth_oracle_runner.py
test/vp/flexidepth_select_eval.py	vskipper/src/vskipper/experiments/flexidepth_select_eval.py	retained	Referenced by retained source or documentation; caller review required before retirement.	test/vp/labeled_workload.py
test/vp/flexidepth_upstream_gsm8k_probe.py	vskipper/src/vskipper/experiments/flexidepth_upstream_gsm8k_probe.py	retained	Referenced by retained source or documentation; caller review required before retirement.	docs/vskipper/removed.md;test/vp/flexidepth_oracle_runner.py
test/vp/freeze_workload_suite.py	vskipper/src/vskipper/experiments/freeze_workload_suite.py	retained	Referenced by retained source or documentation; caller review required before retirement.	test/vp/build_fair_output_workload.py;test/vp/build_official_workloads.sh
test/vp/gate_tests/test_arm_fields.py	vskipper/tests/gate_tests/test_arm_fields.py	validation	Retained behavior or reproduction regression check and its numerical reference.	
test/vp/gate_tests/test_canonical_device_key.py	vskipper/tests/gate_tests/test_canonical_device_key.py	validation	Retained behavior or reproduction regression check and its numerical reference.	
test/vp/gate_tests/test_cell_gate_enforcement.py	vskipper/tests/gate_tests/test_cell_gate_enforcement.py	validation	Retained behavior or reproduction regression check and its numerical reference.	
test/vp/gate_tests/test_cross_arm_allowlist.py	vskipper/tests/gate_tests/test_cross_arm_allowlist.py	validation	Retained behavior or reproduction regression check and its numerical reference.	
test/vp/gate_tests/test_cross_arm_config.py	vskipper/tests/gate_tests/test_cross_arm_config.py	validation	Retained behavior or reproduction regression check and its numerical reference.	
test/vp/gate_tests/test_declared_cell_size.py	vskipper/tests/gate_tests/test_declared_cell_size.py	validation	Retained behavior or reproduction regression check and its numerical reference.	
test/vp/gate_tests/test_engagement_analysis.py	vskipper/tests/gate_tests/test_engagement_analysis.py	validation	Retained behavior or reproduction regression check and its numerical reference.	
test/vp/gate_tests/test_expected_runtime_generator.py	vskipper/tests/gate_tests/test_expected_runtime_generator.py	validation	Retained behavior or reproduction regression check and its numerical reference.	
test/vp/gate_tests/test_gate_a_work.py	vskipper/tests/gate_tests/test_gate_a_work.py	validation	Retained behavior or reproduction regression check and its numerical reference.	
test/vp/gate_tests/test_lmeval_quality_driver.py	vskipper/tests/gate_tests/test_lmeval_quality_driver.py	validation	Retained behavior or reproduction regression check and its numerical reference.	
test/vp/gate_tests/test_no_fixed_duration.py	vskipper/tests/gate_tests/test_no_fixed_duration.py	validation	Retained behavior or reproduction regression check and its numerical reference.	
test/vp/gate_tests/test_paired_analysis.py	vskipper/tests/gate_tests/test_paired_analysis.py	validation	Retained behavior or reproduction regression check and its numerical reference.	
test/vp/gate_tests/test_paired_campaign_workgate.py	vskipper/tests/gate_tests/test_paired_campaign_workgate.py	validation	Retained behavior or reproduction regression check and its numerical reference.	
test/vp/gate_tests/test_paired_dod_2x2.py	vskipper/tests/gate_tests/test_paired_dod_2x2.py	validation	Retained behavior or reproduction regression check and its numerical reference.	
test/vp/gate_tests/test_paired_driver_invocation.py	vskipper/tests/gate_tests/test_paired_driver_invocation.py	validation	Retained behavior or reproduction regression check and its numerical reference.	
test/vp/gate_tests/test_paper_table.py	vskipper/tests/gate_tests/test_paper_table.py	validation	Retained behavior or reproduction regression check and its numerical reference.	
test/vp/gate_tests/test_preflight_host_config.py	vskipper/tests/gate_tests/test_preflight_host_config.py	validation	Retained behavior or reproduction regression check and its numerical reference.	
test/vp/gate_tests/test_qstar_int.py	vskipper/tests/gate_tests/test_qstar_int.py	validation	Retained behavior or reproduction regression check and its numerical reference.	
test/vp/gate_tests/test_quality_2x2_driver.py	vskipper/tests/gate_tests/test_quality_2x2_driver.py	validation	Retained behavior or reproduction regression check and its numerical reference.	
test/vp/gate_tests/test_quality_lane_token_identity.py	vskipper/tests/gate_tests/test_quality_lane_token_identity.py	validation	Retained behavior or reproduction regression check and its numerical reference.	
test/vp/gate_tests/test_randomskip_sweep_arms.py	vskipper/tests/gate_tests/test_randomskip_sweep_arms.py	validation	Retained behavior or reproduction regression check and its numerical reference.	
test/vp/gate_tests/test_roofline_band.py	vskipper/tests/gate_tests/test_roofline_band.py	validation	Retained behavior or reproduction regression check and its numerical reference.	
test/vp/gate_tests/test_runner_percell_state.py	vskipper/tests/gate_tests/test_runner_percell_state.py	validation	Retained behavior or reproduction regression check and its numerical reference.	
test/vp/gate_tests/test_skipper_projector_split.py	vskipper/tests/gate_tests/test_skipper_projector_split.py	validation	Retained behavior or reproduction regression check and its numerical reference.	
test/vp/gate_tests/test_skipping_gate_phases.py	vskipper/tests/gate_tests/test_skipping_gate_phases.py	validation	Retained behavior or reproduction regression check and its numerical reference.	
test/vp/gate_tests/test_summarize_2x2_arms.py	vskipper/tests/gate_tests/test_summarize_2x2_arms.py	validation	Retained behavior or reproduction regression check and its numerical reference.	
test/vp/gate_tests/test_tree_equivalence_gate.py	vskipper/tests/gate_tests/test_tree_equivalence_gate.py	validation	Retained behavior or reproduction regression check and its numerical reference.	
test/vp/gate_tests/test_verify_skipping_executed.py	vskipper/tests/gate_tests/test_verify_skipping_executed.py	validation	Retained behavior or reproduction regression check and its numerical reference.	
test/vp/gate_tests/test_verify_zero_empty_known_list.py	vskipper/tests/gate_tests/test_verify_zero_empty_known_list.py	validation	Retained behavior or reproduction regression check and its numerical reference.	
test/vp/gates/README.md	vskipper/src/vskipper/experiments/gates/README.md	retained	Referenced by retained source or documentation; caller review required before retirement.	docs/vskipper/removed.md;test/vp/gates/gates_box.sh;training/qwen3-flexidepth/bin/hf_push_ckpt.sh
test/vp/gates/box_conc16_stress.sh	vskipper/src/vskipper/experiments/gates/box_conc16_stress.sh	unresolved-retained	No explicit source/document caller found; standalone entrypoint retained pending semantic audit.	
test/vp/gates/box_vpcov_arm.sh	vskipper/src/vskipper/experiments/gates/box_vpcov_arm.sh	retained	Referenced by retained source or documentation; caller review required before retirement.	docs/vskipper/gates.md;scripts/equivalence/README.md;scripts/equivalence/ab_compare.py;test/vp/gates/README.md;test/vp/gates/box_conc16_stress.sh;test/vp/gates/gates_box.sh;test/vp/refactor_ab/README.md
test/vp/gates/campaign_preflight.py	vskipper/src/vskipper/experiments/gates/campaign_preflight.py	retained	Referenced by retained source or documentation; caller review required before retirement.	docs/vskipper/02-run-experiments.md;docs/vskipper/gates.md;test/vp/gate_tests/test_preflight_host_config.py;test/vp/gates/cell_gates.py;test/vp/run_paired_campaign.py
test/vp/gates/cell_gates.py	vskipper/src/vskipper/experiments/gates/cell_gates.py	retained	Referenced by retained source or documentation; caller review required before retirement.	test/vp/run_paired_campaign.py;test/vp/run_qps_evaluation.py
test/vp/gates/gates_box.sh	-	retired	Retired migration chain; mutates the frozen control and installs packages into its environment. Individual checks retained.	docs/vskipper/gates.md;test/vp/gates/README.md
test/vp/gates/known_empties.json	vskipper/src/vskipper/experiments/gates/known_empties.json	retained	Referenced by retained source or documentation; caller review required before retirement.	docs/vskipper/gates.md;test/vp/gate_tests/test_verify_zero_empty_known_list.py;test/vp/gates/verify_zero_empty.py;test/vp/validate_qps_artifact.py
test/vp/gates/route_digest_compare.py	vskipper/src/vskipper/experiments/gates/route_digest_compare.py	retained	Referenced by retained source or documentation; caller review required before retirement.	docs/vskipper/gates.md;python/sglang/srt/vpipe/env.py;python/sglang/srt/vpipe/routing.py;test/vp/gates/README.md;test/vp/gates/gates_box.sh
test/vp/gates/test_verify_default_conformance.py	vskipper/tests/gates/test_verify_default_conformance.py	validation	Retained behavior or reproduction regression check and its numerical reference.	
test/vp/gates/test_verify_served_design.py	vskipper/tests/gates/test_verify_served_design.py	validation	Retained behavior or reproduction regression check and its numerical reference.	
test/vp/gates/verify_arrival_fidelity.py	vskipper/src/vskipper/experiments/gates/verify_arrival_fidelity.py	retained	Referenced by retained source or documentation; caller review required before retirement.	test/vp/run_qps_evaluation.py
test/vp/gates/verify_cross_arm_config.py	vskipper/src/vskipper/experiments/gates/verify_cross_arm_config.py	retained	Referenced by retained source or documentation; caller review required before retirement.	test/vp/gate_tests/test_cross_arm_allowlist.py;test/vp/gate_tests/test_cross_arm_config.py;test/vp/run_paired_campaign.py
test/vp/gates/verify_default_conformance.py	vskipper/src/vskipper/experiments/gates/verify_default_conformance.py	retained	Referenced by retained source or documentation; caller review required before retirement.	python/sglang/srt/vpipe/design.py;test/vp/gates/test_verify_default_conformance.py;test/vp/run_paired_campaign.py
test/vp/gates/verify_execution_differences.py	vskipper/src/vskipper/experiments/gates/verify_execution_differences.py	retained	Referenced by retained source or documentation; caller review required before retirement.	deploy/execution_differences.json;deploy/execution_differences.rtxa6000.json;docs/vskipper/02-run-experiments.md
test/vp/gates/verify_served_design.py	vskipper/src/vskipper/experiments/gates/verify_served_design.py	retained	Referenced by retained source or documentation; caller review required before retirement.	docs/vskipper/02-run-experiments.md;docs/vskipper/gates.md;scripts/equivalence/README.md;test/vp/gates/box_vpcov_arm.sh;test/vp/gates/cell_gates.py;test/vp/gates/test_verify_served_design.py;test/vp/run_paired_campaign.py
test/vp/gates/verify_skipping_executed.py	vskipper/src/vskipper/experiments/gates/verify_skipping_executed.py	retained	Referenced by retained source or documentation; caller review required before retirement.	test/vp/gate_tests/test_skipping_gate_phases.py;test/vp/gate_tests/test_verify_skipping_executed.py;test/vp/run_lmeval_quality.py;test/vp/run_qps_evaluation.py
test/vp/gates/verify_zero_empty.py	vskipper/src/vskipper/experiments/gates/verify_zero_empty.py	retained	Referenced by retained source or documentation; caller review required before retirement.	test/vp/gate_tests/test_verify_zero_empty_known_list.py;test/vp/run_lmeval_quality.py;test/vp/run_natural_harvest.py;test/vp/run_qps_evaluation.py
test/vp/graph_coverage.py	vskipper/src/vskipper/experiments/graph_coverage.py	unresolved-retained	No explicit source/document caller found; standalone entrypoint retained pending semantic audit.	
test/vp/hardware_bands_table.py	vskipper/src/vskipper/analysis/hardware_bands_table.py	required	Frozen reviewer reproduction recipe dependency.	docs/vskipper/03-run-analysis.md;scripts/reproduce_analysis.sh
test/vp/humaneval_execution.py	vskipper/src/vskipper/experiments/humaneval_execution.py	retained	Referenced by retained source or documentation; caller review required before retirement.	test/vp/labeled_workload.py
test/vp/labeled_workload.cap.json	vskipper/src/vskipper/experiments/labeled_workload.cap.json	retained	Referenced by retained source or documentation; caller review required before retirement.	docs/vskipper/removed.md
test/vp/labeled_workload.example.json	vskipper/src/vskipper/experiments/labeled_workload.example.json	retained	Referenced by retained source or documentation; caller review required before retirement.	test/vp/build_official_workloads.sh
test/vp/labeled_workload.py	vskipper/src/vskipper/experiments/labeled_workload.py	retained	Referenced by retained source or documentation; caller review required before retirement.	test/vp/analyze_termination.py;test/vp/build_fair_output_workload.py;test/vp/build_labeled_workload.py;test/vp/build_official_workloads.sh;test/vp/build_production_watchdog_workload.py;test/vp/freeze_workload_suite.py;test/vp/run_qps_evaluation.py;test/vp/score_labeled_workload.py;test/vp/test_scrolls_writing_row.py;test/vp/vp_stream.py;training/qwen3-flexidepth/harness/build_bbh_items.py
test/vp/ladder_table.py	vskipper/src/vskipper/analysis/ladder_table.py	required	Frozen reviewer reproduction recipe dependency.	docs/vskipper/03-run-analysis.md;scripts/reproduce_analysis.sh
test/vp/latency_map.py	vskipper/src/vskipper/experiments/latency_map.py	retained	Referenced by retained source or documentation; caller review required before retirement.	test/vp/latency_map_figure.py
test/vp/latency_map_figure.py	vskipper/src/vskipper/analysis/latency_map_figure.py	required	Frozen reviewer reproduction recipe dependency.	docs/vskipper/03-run-analysis.md;scripts/reproduce_analysis.sh
test/vp/launch_qps_server.py	vskipper/src/vskipper/experiments/launch_qps_server.py	retained	Referenced by retained source or documentation; caller review required before retirement.	docs/vskipper/removed.md;test/vp/run_fair_evaluation_contract_direct.py;test/vp/run_production_calibration.sh;test/vp/run_qps_development.sh;test/vp/validate_runtime_after.py;test/vp/vast_a100_ladder.sh
test/vp/loaded_quality_table.py	vskipper/src/vskipper/analysis/loaded_quality_table.py	required	Frozen reviewer reproduction recipe dependency.	docs/vskipper/03-run-analysis.md;scripts/reproduce_analysis.sh;test/vp/run_natural_harvest.py
test/vp/loaded_shares.py	vskipper/src/vskipper/experiments/loaded_shares.py	retained	Referenced by retained source or documentation; caller review required before retirement.	test/vp/qwen_quality_v16.py;test/vp/sweep_occupancy.py
test/vp/longbench_eval.py	vskipper/src/vskipper/experiments/longbench_eval.py	retained	Referenced by retained source or documentation; caller review required before retirement.	docs/vskipper/removed.md;test/vp/export_longbench_autobench.py
test/vp/make_deployment_manifest.py	vskipper/src/vskipper/experiments/make_deployment_manifest.py	retained	Referenced by retained source or documentation; caller review required before retirement.	test/vp/hpc_debug_cell.sh;test/vp/run_natural_harvest.py;test/vp/run_paired_campaign.py
test/vp/make_expected_runtime.py	vskipper/src/vskipper/experiments/make_expected_runtime.py	retained	Referenced by retained source or documentation; caller review required before retirement.	test/vp/gate_tests/test_expected_runtime_generator.py
test/vp/make_mock_fd_weights.py	vskipper/src/vskipper/experiments/make_mock_fd_weights.py	retained	Referenced by retained source or documentation; caller review required before retirement.	test/vp/gates/README.md
test/vp/native_composite.py	vskipper/src/vskipper/analysis/native_composite.py	required	Frozen reviewer reproduction recipe dependency.	docs/vskipper/03-run-analysis.md;scripts/reproduce_analysis.sh
test/vp/natural_lane_summarize.py	vskipper/src/vskipper/experiments/natural_lane_summarize.py	unresolved-retained	No explicit source/document caller found; standalone entrypoint retained pending semantic audit.	
test/vp/natural_lane_table.py	vskipper/src/vskipper/analysis/natural_lane_table.py	required	Frozen reviewer reproduction recipe dependency.	docs/vskipper/03-run-analysis.md;scripts/reproduce_analysis.sh;test/vp/natural_lane_summarize.py
test/vp/natural_lengths_table.py	vskipper/src/vskipper/experiments/natural_lengths_table.py	unresolved-retained	No explicit source/document caller found; standalone entrypoint retained pending semantic audit.	
test/vp/newrows_local.py	vskipper/src/vskipper/experiments/newrows_local.py	retained	Referenced by retained source or documentation; caller review required before retirement.	test/vp/labeled_workload.py
test/vp/paired_analysis.py	vskipper/src/vskipper/experiments/paired_analysis.py	retained	Referenced by retained source or documentation; caller review required before retirement.	scripts/equivalence/README.md;test/vp/gate_tests/test_paired_analysis.py;test/vp/paper_table.py;test/vp/run_paired_campaign.py
test/vp/paired_dod_2x2.py	vskipper/src/vskipper/analysis/paired_dod_2x2.py	required	Frozen reviewer reproduction recipe dependency.	test/vp/client_equivalence.py;test/vp/gate_tests/test_paired_dod_2x2.py;test/vp/loaded_quality_table.py;test/vp/native_composite.py;test/vp/paired_dod_2x2_v16.py;test/vp/qwen_quality_v16.py
test/vp/paired_dod_2x2_v16.py	vskipper/src/vskipper/analysis/paired_dod_2x2_v16.py	required	Frozen reviewer reproduction recipe dependency.	docs/vskipper/03-run-analysis.md;scripts/reproduce_analysis.sh
test/vp/paper_table.py	vskipper/src/vskipper/analysis/paper_table.py	required	Frozen reviewer reproduction recipe dependency.	docs/vskipper/03-run-analysis.md;scripts/reproduce_analysis.sh;test/vp/abs_macros.py;test/vp/gate_tests/test_paper_table.py
test/vp/pareto_figure.py	vskipper/src/vskipper/analysis/pareto_figure.py	required	Frozen reviewer reproduction recipe dependency.	docs/vskipper/03-run-analysis.md;scripts/reproduce_analysis.sh
test/vp/pareto_models_figure.py	vskipper/src/vskipper/analysis/pareto_models_figure.py	required	Frozen reviewer reproduction recipe dependency.	docs/vskipper/03-run-analysis.md;scripts/reproduce_analysis.sh
test/vp/pin_output_lengths_from_bank.py	vskipper/src/vskipper/experiments/pin_output_lengths_from_bank.py	retained	Referenced by retained source or documentation; caller review required before retirement.	docs/vskipper/02-run-experiments.md;test/vp/bank_from_harvest.py
test/vp/prefill_crossover_from_artifact.py	vskipper/src/vskipper/experiments/prefill_crossover_from_artifact.py	unresolved-retained	No explicit source/document caller found; standalone entrypoint retained pending semantic audit.	
test/vp/qps_deployment.py	vskipper/src/vskipper/experiments/qps_deployment.py	retained	Referenced by retained source or documentation; caller review required before retirement.	test/vp/gate_tests/test_tree_equivalence_gate.py;test/vp/launch_qps_server.py;test/vp/make_deployment_manifest.py;test/vp/run_qps_evaluation.py;test/vp/validate_runtime_after.py;test/vp/verify_tree_equivalence.py
test/vp/qstar_int.py	vskipper/src/vskipper/experiments/qstar_int.py	retained	Referenced by retained source or documentation; caller review required before retirement.	docs/vskipper/02-run-experiments.md;test/vp/gate_tests/test_qstar_int.py;test/vp/ladder_table.py
test/vp/qwen_quality_v16.py	vskipper/src/vskipper/analysis/qwen_quality_v16.py	required	Frozen reviewer reproduction recipe dependency.	docs/vskipper/03-run-analysis.md;scripts/reproduce_analysis.sh
test/vp/qwen_serving_macros.py	vskipper/src/vskipper/experiments/qwen_serving_macros.py	unresolved-retained	No explicit source/document caller found; standalone entrypoint retained pending semantic audit.	
test/vp/refactor_ab/README.md	-	retired	Retired predecessor srt.vp-to-srt.vpipe migration rig; hard-coded historical trees and deployments. Replaced by current reference validation contract.	docs/vskipper/removed.md;test/vp/gates/gates_box.sh;training/qwen3-flexidepth/bin/hf_push_ckpt.sh
test/vp/refactor_ab/box_perf_ab.sh	-	retired	Retired predecessor srt.vp-to-srt.vpipe migration rig; hard-coded historical trees and deployments. Replaced by current reference validation contract.	docs/vskipper/removed.md;test/vp/refactor_ab/README.md
test/vp/refactor_ab/hpc_ab_arm.sh	-	retired	Retired predecessor srt.vp-to-srt.vpipe migration rig; hard-coded historical trees and deployments. Replaced by current reference validation contract.	docs/vskipper/removed.md;test/vp/gates/README.md;test/vp/refactor_ab/hpc_ab_chain.sh
test/vp/refactor_ab/hpc_ab_chain.sh	-	retired	Retired predecessor srt.vp-to-srt.vpipe migration rig; hard-coded historical trees and deployments. Replaced by current reference validation contract.	docs/vskipper/removed.md;test/vp/gates/README.md
test/vp/refactor_ab/hpc_ab_compare.py	-	retired	Retired predecessor srt.vp-to-srt.vpipe migration rig; hard-coded historical trees and deployments. Replaced by current reference validation contract.	docs/vskipper/removed.md;test/vp/gates/README.md;test/vp/refactor_ab/README.md;test/vp/refactor_ab/hpc_ab_run.sh;test/vp/refactor_ab/hpc_preflight.sh
test/vp/refactor_ab/hpc_ab_run.sh	-	retired	Retired predecessor srt.vp-to-srt.vpipe migration rig; hard-coded historical trees and deployments. Replaced by current reference validation contract.	docs/vskipper/removed.md;test/vp/gates/README.md;test/vp/refactor_ab/README.md;test/vp/refactor_ab/box_perf_ab.sh;test/vp/refactor_ab/hpc_preflight.sh
test/vp/refactor_ab/hpc_preflight.sh	-	retired	Retired predecessor srt.vp-to-srt.vpipe migration rig; hard-coded historical trees and deployments. Replaced by current reference validation contract.	docs/vskipper/removed.md;test/vp/gates/README.md
test/vp/refactor_ab/perf_client.py	-	retired	Retired predecessor srt.vp-to-srt.vpipe migration rig; hard-coded historical trees and deployments. Replaced by current reference validation contract.	docs/vskipper/removed.md;test/vp/refactor_ab/README.md;test/vp/refactor_ab/box_perf_ab.sh;test/vp/refactor_ab/hpc_ab_run.sh;test/vp/refactor_ab/hpc_preflight.sh;test/vp/vp_stream.py
test/vp/refactor_ab/prove_endpoint_owner.py	-	retired	Retired predecessor srt.vp-to-srt.vpipe migration rig; hard-coded historical trees and deployments. Replaced by current reference validation contract.	docs/vskipper/removed.md;test/vp/refactor_ab/box_perf_ab.sh;test/vp/refactor_ab/hpc_ab_run.sh
test/vp/run_fair_evaluation_contract_direct.py	vskipper/src/vskipper/experiments/run_fair_evaluation_contract_direct.py	retained	Referenced by retained source or documentation; caller review required before retirement.	docs/vskipper/removed.md
test/vp/run_lmeval_quality.py	vskipper/src/vskipper/experiments/run_lmeval_quality.py	retained	Referenced by retained source or documentation; caller review required before retirement.	test/vp/gate_tests/test_lmeval_quality_driver.py;test/vp/gate_tests/test_quality_lane_token_identity.py;test/vp/gate_tests/test_summarize_2x2_arms.py;test/vp/native_composite.py;test/vp/run_quality_2x2.py;training/qwen3-flexidepth/README.md
test/vp/run_natural_harvest.py	vskipper/src/vskipper/experiments/run_natural_harvest.py	retained	Referenced by retained source or documentation; caller review required before retirement.	scripts/equivalence/README.md;test/vp/run_paired_campaign.py
test/vp/run_paired_campaign.py	vskipper/src/vskipper/experiments/run_paired_campaign.py	retained	Referenced by retained source or documentation; caller review required before retirement.	docs/vskipper/02-run-experiments.md;scripts/equivalence/README.md;test/vp/gate_tests/test_cross_arm_allowlist.py;test/vp/gate_tests/test_expected_runtime_generator.py;test/vp/gate_tests/test_paired_campaign_workgate.py;test/vp/gate_tests/test_paired_driver_invocation.py;test/vp/gate_tests/test_quality_2x2_driver.py;test/vp/gate_tests/test_tree_equivalence_gate.py;test/vp/make_expected_runtime.py;test/vp/paired_analysis.py;test/vp/run_natural_harvest.py;test/vp/run_quality_2x2.py;test/vp/sweep_heatmap.py;test/vp/verify_tree_equivalence.py
test/vp/run_production_calibration.sh	-	retired	Retired calibration launcher; required production_upstream runtime expectation and default calibration contract are absent.	docs/vskipper/removed.md
test/vp/run_qps_development.sh	vskipper/src/vskipper/experiments/run_qps_development.sh	retained	Referenced by retained source or documentation; caller review required before retirement.	docs/vskipper/removed.md
test/vp/run_qps_evaluation.py	vskipper/src/vskipper/experiments/run_qps_evaluation.py	retained	Referenced by retained source or documentation; caller review required before retirement.	test/vp/hpc_debug_cell.sh;test/vp/gate_tests/test_cell_gate_enforcement.py;test/vp/gate_tests/test_declared_cell_size.py;test/vp/gate_tests/test_no_fixed_duration.py;test/vp/gate_tests/test_paired_driver_invocation.py;test/vp/gate_tests/test_runner_percell_state.py;test/vp/gates/cell_gates.py;test/vp/run_fair_evaluation_contract_direct.py;test/vp/run_lmeval_quality.py;test/vp/run_paired_campaign.py;test/vp/run_production_calibration.sh;test/vp/run_qps_development.sh;test/vp/vast_a100_ladder.sh;test/vp/vp_stream.py
test/vp/run_quality_2x2.py	vskipper/src/vskipper/experiments/run_quality_2x2.py	retained	Referenced by retained source or documentation; caller review required before retirement.	scripts/equivalence/README.md;test/vp/gate_tests/test_quality_2x2_driver.py;test/vp/gate_tests/test_summarize_2x2_arms.py;test/vp/run_natural_harvest.py;test/vp/summarize_2x2.py
test/vp/sample_sglang_load.py	vskipper/src/vskipper/experiments/sample_sglang_load.py	retained	Referenced by retained source or documentation; caller review required before retirement.	test/vp/graph_coverage.py;test/vp/run_qps_evaluation.py;test/vp/sweep_occupancy.py;test/vp/test_sample_sglang_load.py;test/vp/vast_a100_ladder.sh
test/vp/score_labeled_workload.py	vskipper/src/vskipper/experiments/score_labeled_workload.py	retained	Referenced by retained source or documentation; caller review required before retirement.	test/vp/run_qps_evaluation.py
test/vp/score_natural_lane_lmeval.py	vskipper/src/vskipper/experiments/score_natural_lane_lmeval.py	retained	Referenced by retained source or documentation; caller review required before retirement.	docs/vskipper/03-run-analysis.md;scripts/equivalence/README.md;test/vp/loaded_quality_table.py;test/vp/native_composite.py;test/vp/natural_lane_table.py;test/vp/paired_dod_2x2_v16.py;test/vp/qwen_quality_v16.py;test/vp/run_natural_harvest.py
test/vp/scrolls_local.py	vskipper/src/vskipper/experiments/scrolls_local.py	retained	Referenced by retained source or documentation; caller review required before retirement.	test/vp/labeled_workload.py;test/vp/newrows_local.py
test/vp/stage_scrolls.py	vskipper/src/vskipper/experiments/stage_scrolls.py	retained	Referenced by retained source or documentation; caller review required before retirement.	docs/vskipper/removed.md;test/vp/scrolls_local.py
test/vp/steady_state_metrics.py	vskipper/src/vskipper/experiments/steady_state_metrics.py	retained	Referenced by retained source or documentation; caller review required before retirement.	docs/vskipper/removed.md
test/vp/suite_composition.py	vskipper/src/vskipper/experiments/suite_composition.py	unresolved-retained	No explicit source/document caller found; standalone entrypoint retained pending semantic audit.	
test/vp/summarize_2x2.py	vskipper/src/vskipper/experiments/summarize_2x2.py	retained	Referenced by retained source or documentation; caller review required before retirement.	test/vp/gate_tests/test_summarize_2x2_arms.py;test/vp/paired_dod_2x2.py
test/vp/summarize_profile_trace.py	vskipper/src/vskipper/experiments/summarize_profile_trace.py	retained	Referenced by retained source or documentation; caller review required before retirement.	docs/vskipper/removed.md
test/vp/sweep_heatmap.py	vskipper/src/vskipper/analysis/sweep_heatmap.py	required	Frozen reviewer reproduction recipe dependency.	docs/vskipper/03-run-analysis.md;scripts/reproduce_analysis.sh
test/vp/sweep_occupancy.py	vskipper/src/vskipper/experiments/sweep_occupancy.py	unresolved-retained	No explicit source/document caller found; standalone entrypoint retained pending semantic audit.	
test/vp/sweep_prediction.py	vskipper/src/vskipper/analysis/sweep_prediction.py	required	Frozen reviewer reproduction recipe dependency.	docs/vskipper/03-run-analysis.md;scripts/reproduce_analysis.sh;test/vp/sweep_occupancy.py
test/vp/test_benchmark_request_identity.py	vskipper/tests/test_benchmark_request_identity.py	validation	Retained behavior or reproduction regression check and its numerical reference.	
test/vp/test_binary_cohort_capture.py	vskipper/tests/test_binary_cohort_capture.py	validation	Retained behavior or reproduction regression check and its numerical reference.	
test/vp/test_binary_cohort_configs.py	vskipper/tests/test_binary_cohort_configs.py	validation	Retained behavior or reproduction regression check and its numerical reference.	
test/vp/test_binary_cohort_executor.py	vskipper/tests/test_binary_cohort_executor.py	validation	Retained behavior or reproduction regression check and its numerical reference.	
test/vp/test_binary_cohort_layer_compose.py	vskipper/tests/test_binary_cohort_layer_compose.py	validation	Retained behavior or reproduction regression check and its numerical reference.	
test/vp/test_binary_cohort_matmul.py	vskipper/tests/test_binary_cohort_matmul.py	validation	Retained behavior or reproduction regression check and its numerical reference.	
test/vp/test_binary_cohort_shapes.py	vskipper/tests/test_binary_cohort_shapes.py	validation	Retained behavior or reproduction regression check and its numerical reference.	
test/vp/test_body_hardening.py	vskipper/tests/test_body_hardening.py	validation	Retained behavior or reproduction regression check and its numerical reference.	
test/vp/test_commit_overlap_gate.py	vskipper/tests/test_commit_overlap_gate.py	validation	Retained behavior or reproduction regression check and its numerical reference.	
test/vp/test_count_gemm_fused_io.py	vskipper/tests/test_count_gemm_fused_io.py	validation	Retained behavior or reproduction regression check and its numerical reference.	python/sglang/srt/vpipe/mlp.py;python/sglang/srt/vpipe/validation.py
test/vp/test_count_gemm_guard.py	vskipper/tests/test_count_gemm_guard.py	validation	Retained behavior or reproduction regression check and its numerical reference.	
test/vp/test_count_silu_mul_tiled.py	vskipper/tests/test_count_silu_mul_tiled.py	validation	Retained behavior or reproduction regression check and its numerical reference.	python/sglang/srt/vpipe/kernel.py
test/vp/test_coverage_dense.py	vskipper/tests/test_coverage_dense.py	validation	Retained behavior or reproduction regression check and its numerical reference.	
test/vp/test_decode_coverage.py	vskipper/tests/test_decode_coverage.py	validation	Retained behavior or reproduction regression check and its numerical reference.	
test/vp/test_execution_mode_gate.py	vskipper/tests/test_execution_mode_gate.py	validation	Retained behavior or reproduction regression check and its numerical reference.	
test/vp/test_fd_rmsnorm_fused.py	vskipper/tests/test_fd_rmsnorm_fused.py	validation	Retained behavior or reproduction regression check and its numerical reference.	python/sglang/srt/vpipe/routing.py
test/vp/test_flexidepth_oracle_runner.py	vskipper/tests/test_flexidepth_oracle_runner.py	validation	Retained behavior or reproduction regression check and its numerical reference.	docs/vskipper/removed.md
test/vp/test_ladder_default_modes.sh	vskipper/tests/test_ladder_default_modes.sh	validation	Retained behavior or reproduction regression check and its numerical reference.	test/vp/gates/gates_box.sh
test/vp/test_module_import_safety.py	vskipper/tests/test_module_import_safety.py	validation	Retained behavior or reproduction regression check and its numerical reference.	docs/vskipper/01-environment.md;test/vp/gates/gates_box.sh;test/vp/test_package_imports.py
test/vp/test_package_imports.py	vskipper/tests/test_package_imports.py	validation	Retained behavior or reproduction regression check and its numerical reference.	docs/vskipper/01-environment.md;test/vp/gates/gates_box.sh;test/vp/test_module_import_safety.py
test/vp/test_prefill_cublas_branch.py	vskipper/tests/test_prefill_cublas_branch.py	validation	Retained behavior or reproduction regression check and its numerical reference.	
test/vp/test_prefill_engagement_lazy_fold.py	vskipper/tests/test_prefill_engagement_lazy_fold.py	validation	Retained behavior or reproduction regression check and its numerical reference.	
test/vp/test_prefill_fallback.py	vskipper/tests/test_prefill_fallback.py	validation	Retained behavior or reproduction regression check and its numerical reference.	
test/vp/test_rid_hash_upload.py	vskipper/tests/test_rid_hash_upload.py	validation	Retained behavior or reproduction regression check and its numerical reference.	
test/vp/test_route_decide_fused.py	vskipper/tests/test_route_decide_fused.py	validation	Retained behavior or reproduction regression check and its numerical reference.	
test/vp/test_route_maps_masked.py	vskipper/tests/test_route_maps_masked.py	validation	Retained behavior or reproduction regression check and its numerical reference.	
test/vp/test_sample_sglang_load.py	vskipper/tests/test_sample_sglang_load.py	validation	Retained behavior or reproduction regression check and its numerical reference.	
test/vp/test_scrolls_writing_row.py	vskipper/tests/test_scrolls_writing_row.py	validation	Retained behavior or reproduction regression check and its numerical reference.	
test/vp/test_shared_module_state.py	vskipper/tests/test_shared_module_state.py	validation	Retained behavior or reproduction regression check and its numerical reference.	
test/vp/tile_ratio_table.py	vskipper/src/vskipper/analysis/tile_ratio_table.py	required	Frozen reviewer reproduction recipe dependency.	docs/vskipper/03-run-analysis.md;scripts/reproduce_analysis.sh
test/vp/tune_count_gemm_tiles.py	vskipper/src/vskipper/experiments/tune_count_gemm_tiles.py	retained	Referenced by retained source or documentation; caller review required before retirement.	docs/vskipper/01-environment.md;python/sglang/srt/vpipe/binary_cohort_configs/NVIDIA_RTX_A6000.json
test/vp/tune_fd_full_graph_moe.py	vskipper/src/vskipper/experiments/tune_fd_full_graph_moe.py	retained	Referenced by retained source or documentation; caller review required before retirement.	docs/vskipper/removed.md
test/vp/validate_qps_artifact.py	vskipper/src/vskipper/experiments/validate_qps_artifact.py	retained	Referenced by retained source or documentation; caller review required before retirement.	test/vp/analyze_termination.py;test/vp/build_fair_output_workload.py;test/vp/build_production_watchdog_workload.py;test/vp/cross_arm_work_gate.py;test/vp/gate_tests/test_verify_zero_empty_known_list.py;test/vp/gates/cell_gates.py;test/vp/run_qps_evaluation.py
test/vp/validate_runtime_after.py	vskipper/src/vskipper/experiments/validate_runtime_after.py	retained	Referenced by retained source or documentation; caller review required before retirement.	docs/vskipper/removed.md;test/vp/run_qps_development.sh
test/vp/vast_a100_ladder.sh	vskipper/src/vskipper/experiments/vast_a100_ladder.sh	retained	Referenced by retained source or documentation; caller review required before retirement.	docs/vskipper/removed.md;python/sglang/srt/vpipe/seam.py;test/vp/test_ladder_default_modes.sh
test/vp/verify_tree_equivalence.py	vskipper/src/vskipper/experiments/verify_tree_equivalence.py	retained	Referenced by retained source or documentation; caller review required before retirement.	docs/vskipper/gates.md;scripts/equivalence/README.md;test/vp/gate_tests/test_tree_equivalence_gate.py
test/vp/vp_stream.py	vskipper/src/vskipper/experiments/vp_stream.py	retained	Referenced by retained source or documentation; caller review required before retirement.	docs/vskipper/removed.md;test/vp/fdpre_label_probe.py;test/vp/refactor_ab/perf_client.py
test/vp/vstar_dump.py	vskipper/src/vskipper/experiments/vstar_dump.py	retained	Referenced by retained source or documentation; caller review required before retirement.	test/vp/vstar_macros.py
test/vp/vstar_macros.py	vskipper/src/vskipper/analysis/vstar_macros.py	required	Frozen reviewer reproduction recipe dependency.	docs/vskipper/03-run-analysis.md;scripts/reproduce_analysis.sh;test/vp/vstar_dump.py
training/qwen3-flexidepth/README.md	vskipper/training/qwen3-flexidepth/README.md	retained	Referenced by retained source or documentation; caller review required before retirement.	docs/vskipper/removed.md;test/vp/gates/gates_box.sh;training/qwen3-flexidepth/bin/hf_push_ckpt.sh
training/qwen3-flexidepth/TRAINING_INPUT_CONTRACT.q8b-ste-c25e6.json	vskipper/training/qwen3-flexidepth/TRAINING_INPUT_CONTRACT.q8b-ste-c25e6.json	unresolved-retained	No explicit source/document caller found; standalone entrypoint retained pending semantic audit.	
training/qwen3-flexidepth/bin/consolidate_w4.sh	vskipper/training/qwen3-flexidepth/bin/consolidate_w4.sh	retained	Referenced by retained source or documentation; caller review required before retirement.	training/qwen3-flexidepth/README.md
training/qwen3-flexidepth/bin/decide_phase_a.sh	vskipper/training/qwen3-flexidepth/bin/decide_phase_a.sh	retained	Referenced by retained source or documentation; caller review required before retirement.	training/qwen3-flexidepth/bin/segment_chain.sh;training/qwen3-flexidepth/bin/segment_chain_c30.sh;training/qwen3-flexidepth/bin/segment_chain_reportonly.sh
training/qwen3-flexidepth/bin/gate_node.sh	vskipper/training/qwen3-flexidepth/bin/gate_node.sh	retained	Referenced by retained source or documentation; caller review required before retirement.	training/qwen3-flexidepth/README.md;training/qwen3-flexidepth/bin/segment_chain.sh;training/qwen3-flexidepth/bin/segment_chain_c30.sh;training/qwen3-flexidepth/bin/segment_chain_reportonly.sh
training/qwen3-flexidepth/bin/hf_push_ckpt.sh	vskipper/training/qwen3-flexidepth/bin/hf_push_ckpt.sh	unresolved-retained	No explicit source/document caller found; standalone entrypoint retained pending semantic audit.	
training/qwen3-flexidepth/bin/launch_rank_gpus.sh	vskipper/training/qwen3-flexidepth/bin/launch_rank_gpus.sh	retained	Referenced by retained source or documentation; caller review required before retirement.	training/qwen3-flexidepth/bin/run_arm.sh
training/qwen3-flexidepth/bin/run_arm.sh	vskipper/training/qwen3-flexidepth/bin/run_arm.sh	retained	Referenced by retained source or documentation; caller review required before retirement.	training/qwen3-flexidepth/README.md;training/qwen3-flexidepth/bin/segment_chain.sh;training/qwen3-flexidepth/bin/segment_chain_c30.sh;training/qwen3-flexidepth/bin/segment_chain_reportonly.sh
training/qwen3-flexidepth/bin/segment_chain.sh	vskipper/training/qwen3-flexidepth/bin/segment_chain.sh	retained	Referenced by retained source or documentation; caller review required before retirement.	training/qwen3-flexidepth/README.md;training/qwen3-flexidepth/bin/segment_chain_c30.sh;training/qwen3-flexidepth/bin/segment_chain_reportonly.sh
training/qwen3-flexidepth/bin/segment_chain_c30.sh	vskipper/training/qwen3-flexidepth/bin/segment_chain_c30.sh	retained	Referenced by retained source or documentation; caller review required before retirement.	training/qwen3-flexidepth/README.md
training/qwen3-flexidepth/bin/segment_chain_reportonly.sh	vskipper/training/qwen3-flexidepth/bin/segment_chain_reportonly.sh	retained	Referenced by retained source or documentation; caller review required before retirement.	training/qwen3-flexidepth/README.md
training/qwen3-flexidepth/build_export.py	vskipper/training/qwen3-flexidepth/build_export.py	retained	Referenced by retained source or documentation; caller review required before retirement.	training/qwen3-flexidepth/README.md
training/qwen3-flexidepth/harness/behavioural_probe.py	vskipper/training/qwen3-flexidepth/harness/behavioural_probe.py	retained	Referenced by retained source or documentation; caller review required before retirement.	training/qwen3-flexidepth/bin/gate_node.sh
training/qwen3-flexidepth/harness/build_bbh_items.py	vskipper/training/qwen3-flexidepth/harness/build_bbh_items.py	unresolved-retained	No explicit source/document caller found; standalone entrypoint retained pending semantic audit.	
training/qwen3-flexidepth/harness/gate_mixed.py	vskipper/training/qwen3-flexidepth/harness/gate_mixed.py	retained	Referenced by retained source or documentation; caller review required before retirement.	training/qwen3-flexidepth/README.md;training/qwen3-flexidepth/bin/gate_node.sh
training/qwen3-flexidepth/harness/make_variant_init.py	vskipper/training/qwen3-flexidepth/harness/make_variant_init.py	retained	Referenced by retained source or documentation; caller review required before retirement.	training/qwen3-flexidepth/README.md
training/qwen3-flexidepth/harness/score_ifeval.py	vskipper/training/qwen3-flexidepth/harness/score_ifeval.py	unresolved-retained	No explicit source/document caller found; standalone entrypoint retained pending semantic audit.	
training/qwen3-flexidepth/harness/validate_qwen3_flexidepth_checkpoint.py	vskipper/training/qwen3-flexidepth/harness/validate_qwen3_flexidepth_checkpoint.py	unresolved-retained	No explicit source/document caller found; standalone entrypoint retained pending semantic audit.	
training/qwen3-flexidepth/train/sft.py	vskipper/training/qwen3-flexidepth/train/sft.py	unresolved-retained	No explicit source/document caller found; standalone entrypoint retained pending semantic audit.	
training/qwen3-flexidepth/train/sft_qwen3.py	vskipper/training/qwen3-flexidepth/train/sft_qwen3.py	retained	Referenced by retained source or documentation; caller review required before retirement.	training/qwen3-flexidepth/README.md;training/qwen3-flexidepth/bin/run_arm.sh
test/vp/f1_figure.py	vskipper/src/vskipper/analysis/f1_figure.py	required	Analysis producer (Figure 1 from its runs, v1.8).	
test/vp/gates/verify_2x2_protocol.py	vskipper/src/vskipper/experiments/gates/verify_2x2_protocol.py	retained	Campaign gate (2x2 protocol, v1.8).	
test/vp/gate_tests/test_paired_remeasure.py	vskipper/tests/gate_tests/test_paired_remeasure.py	validation	Maintained gate test.	
test/vp/test_admission_pinning.py	vskipper/tests/test_admission_pinning.py	validation	Maintained runtime test (per-request pinning, v1.8).	
